1st Q,1st Q,1st Q,1st Q,1st Q,1st Q
Time,Denver,Unnamed: 2_level_1,Score,Unnamed: 4_level_1,Utah
12:00.0,Jump ball: N. JokiÄ vs. K. Olynyk (J. Clarkson gains possession),Jump ball: N. JokiÄ vs. K. Olynyk (J. Clarkson gains possession),Jump ball: N. JokiÄ vs. K. Olynyk (J. Clarkson gains possession),Jump ball: N. JokiÄ vs. K. Olynyk (J. Clarkson gains possession),Jump ball: N. JokiÄ vs. K. Olynyk (J. Clarkson gains possession)
11:48.0,,,0-0,,Turnover by M. Conley (bad pass; steal by A. Gordon)
11:43.0,A. Gordon makes 2-pt dunk from 2 ft,+2,2-0,,
11:29.0,,,2-0,,J. Clarkson misses 3-pt jump shot from 27 ft
11:28.0,Defensive rebound by Team,,2-0,,
11:05.0,Shooting foul by K. Olynyk (drawn by M. Porter),,2-0,,
11:05.0,M. Porter makes free throw 1 of 2,+1,3-0,,
11:05.0,M. Porter misses free throw 2 of 2,,3-0,,
11:03.0,,,3-0,,Defensive rebound by J. Vanderbilt
10:45.0,,,3-2,+2,L. Markkanen makes 2-pt jump shot from 20 ft (assist by M. Conley)
10:26.0,J. Murray makes 2-pt jump shot from 17 ft,+2,5-2,,
10:06.0,,,5-4,+2,L. Markkanen makes 2-pt hook shot from 4 ft
9:57.0,A. Gordon makes 2-pt layup from 3 ft,+2,7-4,,
9:47.0,,,7-4,,Turnover by M. Conley (bad pass; steal by J. Murray)
9:43.0,A. Gordon makes 2-pt dunk from 3 ft (assist by K. Caldwell-Pope),+2,9-4,,
9:37.0,,,9-7,+3,J. Clarkson makes 3-pt jump shot from 23 ft (assist by L. Markkanen)
9:23.0,J. Murray misses 2-pt jump shot from 12 ft,,9-7,,
9:21.0,,,9-7,,Defensive rebound by J. Vanderbilt
9:18.0,,,9-7,,J. Clarkson misses 3-pt jump shot from 28 ft
9:15.0,Defensive rebound by J. Murray,,9-7,,
9:04.0,Personal foul by J. Vanderbilt (drawn by M. Porter),,9-7,,
8:59.0,K. Caldwell-Pope misses 2-pt jump shot from 15 ft,,9-7,,
8:56.0,,,9-7,,Defensive rebound by J. Vanderbilt
8:48.0,,,9-7,,Turnover by K. Olynyk (bad pass; steal by N. JokiÄ)
8:43.0,J. Murray makes 2-pt layup from 2 ft,+2,11-7,,
8:43.0,,,11-7,,Utah full timeout
8:32.0,,,11-7,,L. Markkanen misses 2-pt jump shot from 10 ft
8:30.0,,,11-7,,Offensive rebound by Team
8:28.0,,,11-10,+3,K. Olynyk makes 3-pt jump shot from 25 ft (assist by M. Conley)
8:16.0,A. Gordon misses 3-pt jump shot from 25 ft,,11-10,,
8:13.0,,,11-10,,Defensive rebound by J. Clarkson
8:05.0,,,11-13,+3,M. Conley makes 3-pt jump shot from 25 ft (assist by K. Olynyk)
7:48.0,M. Porter misses 3-pt jump shot from 25 ft,,11-13,,
7:46.0,,,11-13,,Defensive rebound by J. Vanderbilt
7:37.0,,,11-13,,L. Markkanen misses 3-pt jump shot from 24 ft
7:32.0,Defensive rebound by A. Gordon,,11-13,,
7:30.0,N. JokiÄ makes 2-pt dunk from 2 ft (assist by K. Caldwell-Pope),+2,13-13,,
7:13.0,,,13-15,+2,J. Clarkson makes 2-pt jump shot from 10 ft
7:06.0,Personal foul by J. Vanderbilt (drawn by N. JokiÄ),,13-15,,
6:57.0,J. Murray misses 3-pt jump shot from 24 ft,,13-15,,
6:52.0,,,13-15,,Defensive rebound by L. Markkanen
6:43.0,,,13-15,,J. Clarkson misses 2-pt layup from 3 ft
6:40.0,,,13-15,,Offensive rebound by J. Vanderbilt
6:40.0,,,13-17,+2,J. Vanderbilt makes 2-pt layup at rim
6:31.0,N. JokiÄ makes 2-pt jump shot from 7 ft (assist by A. Gordon),+2,15-17,,
6:12.0,,,15-19,+2,K. Olynyk makes 2-pt layup from 2 ft (assist by L. Markkanen)
6:11.0,,,15-19,,Violation by Team (delay of game)
6:02.0,Offensive foul by N. JokiÄ (drawn by K. Olynyk),,15-19,,
6:02.0,Turnover by N. JokiÄ (offensive foul),,15-19,,
6:02.0,B. Brown enters the game for J. Murray,,15-19,,
6:02.0,,,15-19,,W. Kessler enters the game for M. Conley
6:02.0,,,15-19,,C. Sexton enters the game for J. Vanderbilt
5:47.0,,,15-19,,J. Clarkson misses 2-pt layup from 5 ft
5:46.0,,,15-19,,Offensive rebound by Team
5:37.0,,,15-22,+3,K. Olynyk makes 3-pt jump shot from 25 ft (assist by L. Markkanen)
5:15.0,M. Porter makes 2-pt layup from 2 ft (assist by N. JokiÄ),+2,17-22,,
4:59.0,,,17-22,,Turnover by K. Olynyk (bad pass; steal by N. JokiÄ)
4:54.0,B. Brown misses 2-pt layup from 6 ft,,17-22,,
4:54.0,Offensive rebound by Team,,17-22,,
4:54.0,,,17-22,,Loose ball foul by K. Olynyk (drawn by N. JokiÄ)
4:54.0,,,17-22,,R. Gay enters the game for K. Olynyk
4:47.0,M. Porter misses 2-pt layup from 4 ft,,17-22,,
4:45.0,,,17-22,,Defensive rebound by L. Markkanen
4:39.0,,,17-22,,Offensive foul by C. Sexton (drawn by A. Gordon)
4:39.0,,,17-22,,Turnover by C. Sexton (offensive foul)
4:22.0,Shooting foul by L. Markkanen (drawn by N. JokiÄ),,17-22,,
4:22.0,N. JokiÄ makes free throw 1 of 2,+1,18-22,,
4:22.0,B. Hyland enters the game for K. Caldwell-Pope,,18-22,,
4:22.0,D. Reed enters the game for M. Porter,,18-22,,
4:22.0,,,18-22,,M. Beasley enters the game for J. Clarkson
4:22.0,N. JokiÄ makes free throw 2 of 2,+1,19-22,,
4:11.0,,,19-22,,C. Sexton misses 3-pt jump shot from 26 ft
4:08.0,,,19-22,,Offensive rebound by W. Kessler
4:07.0,,,19-24,+2,W. Kessler makes 2-pt layup from 2 ft
3:56.0,Personal foul by R. Gay (drawn by B. Hyland),,19-24,,
3:56.0,B. Hyland makes free throw 1 of 2,+1,20-24,,
3:56.0,J. Green enters the game for A. Gordon,,20-24,,
3:56.0,B. Hyland makes free throw 2 of 2,+1,21-24,,
3:42.0,,,21-24,,Turnover by L. Markkanen (lost ball; steal by J. Green)
3:30.0,J. Green misses 3-pt jump shot from 24 ft,,21-24,,
3:28.0,,,21-24,,Defensive rebound by C. Sexton
3:16.0,,,21-24,,C. Sexton misses 2-pt layup from 7 ft
3:14.0,Defensive rebound by N. JokiÄ,,21-24,,
3:09.0,J. Green makes 2-pt layup from 5 ft (assist by N. JokiÄ),+2,23-24,,
2:58.0,,,23-27,+3,M. Beasley makes 3-pt jump shot from 26 ft (assist by R. Gay)
2:36.0,N. JokiÄ makes 2-pt jump shot from 5 ft,+2,25-27,,
2:25.0,,,25-27,,M. Beasley misses 3-pt jump shot from 25 ft
2:22.0,,,25-27,,Offensive rebound by W. Kessler
2:20.0,,,25-30,+3,L. Markkanen makes 3-pt jump shot from 27 ft (assist by W. Kessler)
2:17.0,Denver full timeout,,25-30,,
2:17.0,D. Jordan enters the game for N. JokiÄ,,25-30,,
2:17.0,,,25-30,,T. Horton-Tucker enters the game for L. Markkanen
2:09.0,B. Brown misses 2-pt jump shot from 14 ft,,25-30,,
2:06.0,,,25-30,,Defensive rebound by W. Kessler
1:58.0,,,25-32,+2,C. Sexton makes 2-pt layup from 3 ft
1:41.0,Turnover by B. Brown (traveling),,25-32,,
1:29.0,,,25-34,+2,T. Horton-Tucker makes 2-pt layup from 3 ft
1:18.0,B. Hyland makes 2-pt layup from 2 ft,+2,27-34,,
1:18.0,,,27-34,,Violation by Team (def goaltending)
1:08.0,,,27-34,,Shooting foul by B. Hyland (drawn by C. Sexton)
1:08.0,,,27-34,,C. Sexton misses free throw 1 of 2
1:08.0,,,27-34,,Offensive rebound by Team
1:08.0,,,27-35,+1,C. Sexton makes free throw 2 of 2
0:59.0,B. Brown misses 3-pt jump shot from 25 ft,,27-35,,
0:56.0,,,27-35,,Defensive rebound by C. Sexton
0:46.0,,,27-35,,T. Horton-Tucker misses 3-pt jump shot from 29 ft
0:42.0,Defensive rebound by D. Jordan,,27-35,,
0:34.0,Turnover by D. Reed (bad pass; steal by M. Beasley),,27-35,,
0:30.0,,,27-37,+2,M. Beasley makes 2-pt layup from 2 ft (assist by C. Sexton)
0:19.0,B. Hyland makes 3-pt jump shot from 26 ft (assist by D. Jordan),+3,30-37,,
0:03.0,,,30-37,,C. Sexton misses 3-pt jump shot from 24 ft
0:00.0,Defensive rebound by D. Jordan,,30-37,,
0:00.0,End of 1st quarter,End of 1st quarter,End of 1st quarter,End of 1st quarter,End of 1st quarter
2nd Q,2nd Q,2nd Q,2nd Q,2nd Q,2nd Q
Time,Denver,,Score,,Utah
12:00.0,Start of 2nd quarter,Start of 2nd quarter,Start of 2nd quarter,Start of 2nd quarter,Start of 2nd quarter
11:52.0,Turnover by B. Hyland (bad pass; steal by J. Vanderbilt),,30-37,,
11:44.0,,,30-39,+2,R. Gay makes 2-pt layup from 3 ft (assist by J. Vanderbilt)
11:31.0,Turnover by B. Hyland (bad pass; steal by T. Horton-Tucker),,30-39,,
11:21.0,,,30-39,,Shooting foul by B. Hyland (drawn by T. Horton-Tucker)
11:21.0,,,30-39,,T. Horton-Tucker misses free throw 1 of 2
11:21.0,,,30-39,,Offensive rebound by Team
11:21.0,,,30-40,+1,T. Horton-Tucker makes free throw 2 of 2
11:11.0,Turnover by D. Reed (bad pass; steal by M. Conley),,30-40,,
10:56.0,,,30-40,,M. Beasley misses 3-pt jump shot from 25 ft
10:55.0,,,30-40,,Offensive rebound by Team
10:52.0,,,30-42,+2,R. Gay makes 2-pt jump shot from 18 ft (assist by M. Conley)
10:50.0,Denver full timeout,,30-42,,
10:50.0,J. Murray enters the game for D. Reed,,30-42,,
10:32.0,J. Green misses 2-pt jump shot from 9 ft,,30-42,,
10:29.0,,,30-42,,Defensive rebound by J. Vanderbilt
10:21.0,,,30-42,,T. Horton-Tucker misses 2-pt jump shot from 11 ft
10:16.0,,,30-42,,Offensive rebound by J. Vanderbilt
10:16.0,,,30-44,+2,J. Vanderbilt makes 2-pt layup at rim
9:57.0,J. Green misses 2-pt jump shot from 12 ft,,30-44,,
9:56.0,,,30-44,,Defensive rebound by M. Beasley
9:51.0,,,30-47,+3,R. Gay makes 3-pt jump shot from 28 ft (assist by M. Beasley)
9:33.0,Personal foul by T. Horton-Tucker (drawn by B. Hyland),,30-47,,
9:33.0,A. Gordon enters the game for B. Hyland,,30-47,,
9:33.0,M. Porter enters the game for D. Jordan,,30-47,,
9:29.0,J. Murray misses 3-pt jump shot from 25 ft,,30-47,,
9:26.0,,,30-47,,Defensive rebound by J. Vanderbilt
9:18.0,,,30-49,+2,J. Vanderbilt makes 2-pt dunk from 2 ft (assist by T. Horton-Tucker)
9:00.0,Turnover by J. Murray (bad pass; steal by T. Horton-Tucker),,30-49,,
8:56.0,,,30-49,,T. Horton-Tucker misses 2-pt layup from 3 ft
8:55.0,,,30-49,,Offensive rebound by M. Beasley
8:55.0,,,30-49,,Shooting foul by B. Brown (drawn by M. Beasley)
8:55.0,,,30-50,+1,M. Beasley makes free throw 1 of 2
8:55.0,K. Caldwell-Pope enters the game for B. Brown,,30-50,,
8:55.0,N. JokiÄ enters the game for J. Green,,30-50,,
8:55.0,,,30-50,,K. Olynyk enters the game for R. Gay
8:55.0,,,30-51,+1,M. Beasley makes free throw 2 of 2
8:37.0,A. Gordon misses 2-pt layup from 2 ft,,30-51,,
8:35.0,Offensive rebound by A. Gordon,,30-51,,
8:35.0,A. Gordon misses 2-pt layup at rim,,30-51,,
8:33.0,Offensive rebound by A. Gordon,,30-51,,
8:33.0,A. Gordon makes 2-pt layup at rim,+2,32-51,,
8:20.0,,,32-51,,M. Beasley misses 3-pt jump shot from 26 ft
8:18.0,,,32-51,,Offensive rebound by M. Beasley
8:17.0,,,32-51,,M. Beasley misses 2-pt jump shot from 20 ft
8:17.0,,,32-51,,Offensive rebound by J. Vanderbilt
8:07.0,,,32-51,,M. Conley misses 2-pt layup from 5 ft (block by K. Caldwell-Pope)
8:07.0,,,32-51,,Offensive rebound by Team
8:07.0,I. Smith enters the game for J. Murray,,32-51,,
8:05.0,,,32-53,+2,M. Beasley makes 2-pt jump shot from 22 ft (assist by M. Conley)
7:41.0,N. JokiÄ makes 2-pt layup from 2 ft (assist by K. Caldwell-Pope),+2,34-53,,
7:25.0,,,34-53,,M. Conley misses 3-pt jump shot from 25 ft
7:22.0,Defensive rebound by M. Porter,,34-53,,
7:18.0,M. Porter makes 2-pt jump shot from 14 ft,+2,36-53,,
6:55.0,,,36-53,,T. Horton-Tucker misses 2-pt layup from 2 ft
6:53.0,,,36-53,,Offensive rebound by J. Vanderbilt
6:52.0,,,36-53,,K. Olynyk misses 3-pt jump shot from 26 ft
6:52.0,,,36-53,,Offensive rebound by J. Vanderbilt
6:49.0,,,36-53,,Shooting foul by I. Smith (drawn by J. Vanderbilt)
6:49.0,,,36-54,+1,J. Vanderbilt makes free throw 1 of 2
6:49.0,,,36-54,,J. Clarkson enters the game for M. Beasley
6:49.0,,,36-54,,L. Markkanen enters the game for T. Horton-Tucker
6:49.0,,,36-54,,J. Vanderbilt misses free throw 2 of 2
6:48.0,Defensive rebound by A. Gordon,,36-54,,
6:34.0,A. Gordon misses 2-pt jump shot from 17 ft,,36-54,,
6:31.0,,,36-54,,Defensive rebound by J. Vanderbilt
6:22.0,,,36-54,,Offensive foul by J. Vanderbilt (drawn by I. Smith)
6:22.0,,,36-54,,Turnover by J. Vanderbilt (offensive foul)
6:22.0,,,36-54,,W. Kessler enters the game for J. Vanderbilt
6:12.0,Personal foul by K. Olynyk (drawn by N. JokiÄ),,36-54,,
6:01.0,Turnover by M. Porter (traveling),,36-54,,
5:49.0,,,36-57,+3,L. Markkanen makes 3-pt jump shot from 25 ft (assist by M. Conley)
5:37.0,N. JokiÄ makes 2-pt dunk from 2 ft (assist by A. Gordon),+2,38-57,,
5:26.0,,,38-57,,Turnover by J. Clarkson (step out of bounds)
5:26.0,,,38-57,,R. Gay enters the game for M. Conley
5:26.0,,,38-57,,C. Sexton enters the game for K. Olynyk
5:12.0,M. Porter misses 2-pt jump shot from 17 ft,,38-57,,
5:09.0,Offensive rebound by N. JokiÄ,,38-57,,
5:08.0,N. JokiÄ makes 2-pt hook shot from 3 ft,+2,40-57,,
4:52.0,,,40-57,,Personal foul by I. Smith (drawn by C. Sexton)
4:52.0,J. Murray enters the game for I. Smith,,40-57,,
4:50.0,,,40-57,,Personal foul by N. JokiÄ (drawn by W. Kessler)
4:50.0,,,40-57,,W. Kessler misses free throw 1 of 2
4:50.0,,,40-57,,Offensive rebound by Team
4:50.0,,,40-58,+1,W. Kessler makes free throw 2 of 2
4:38.0,Turnover by K. Caldwell-Pope (bad pass; steal by L. Markkanen),,40-58,,
4:34.0,,,40-60,+2,C. Sexton makes 2-pt layup from 2 ft (assist by J. Clarkson)
4:15.0,N. JokiÄ misses 2-pt jump shot from 11 ft,,40-60,,
4:14.0,,,40-60,,Defensive rebound by W. Kessler
4:02.0,,,40-60,,Turnover by C. Sexton (step out of bounds)
4:00.0,Shooting foul by R. Gay (drawn by A. Gordon),,40-60,,
4:00.0,A. Gordon makes free throw 1 of 2,+1,41-60,,
4:00.0,A. Gordon makes free throw 2 of 2,+1,42-60,,
3:46.0,,,42-63,+3,R. Gay makes 3-pt jump shot from 24 ft (assist by J. Clarkson)
3:35.0,A. Gordon makes 2-pt layup from 2 ft,+2,44-63,,
3:18.0,,,44-63,,Turnover by J. Clarkson (lost ball; steal by K. Caldwell-Pope)
3:14.0,Turnover by J. Murray (bad pass; steal by L. Markkanen),,44-63,,
3:07.0,,,44-65,+2,W. Kessler makes 2-pt hook shot from 4 ft (assist by C. Sexton)
3:01.0,A. Gordon misses 2-pt layup from 2 ft,,44-65,,
2:59.0,,,44-65,,Defensive rebound by J. Clarkson
2:54.0,,,44-68,+3,C. Sexton makes 3-pt jump shot from 23 ft (assist by L. Markkanen)
2:53.0,Denver full timeout,,44-68,,
2:36.0,Personal foul by L. Markkanen (drawn by N. JokiÄ),,44-68,,
2:28.0,A. Gordon makes 2-pt dunk from 2 ft (assist by N. JokiÄ),+2,46-68,,
2:17.0,,,46-68,,Offensive foul by W. Kessler (drawn by K. Caldwell-Pope)
2:17.0,,,46-68,,Turnover by W. Kessler (offensive foul)
2:01.0,A. Gordon makes 2-pt dunk from 3 ft (assist by N. JokiÄ),+2,48-68,,
1:44.0,,,48-68,,Shooting foul by N. JokiÄ (drawn by J. Clarkson)
1:44.0,Denver full timeout,,48-68,,
1:44.0,Instant Replay (Challenge: Ruling Stands),,48-68,,
1:44.0,,,48-69,+1,J. Clarkson makes free throw 1 of 2
1:44.0,D. Jordan enters the game for N. JokiÄ,,48-69,,
1:44.0,,,48-69,,M. Conley enters the game for C. Sexton
1:44.0,,,48-69,,J. Clarkson misses free throw 2 of 2
1:43.0,Defensive rebound by M. Porter,,48-69,,
1:32.0,J. Murray misses 2-pt jump shot from 14 ft,,48-69,,
1:28.0,,,48-69,,Defensive rebound by W. Kessler
1:19.0,,,48-69,,Turnover by J. Clarkson (lost ball; steal by K. Caldwell-Pope)
1:13.0,M. Porter makes 2-pt layup from 1 ft (assist by K. Caldwell-Pope),+2,50-69,,
0:54.0,,,50-72,+3,L. Markkanen makes 3-pt jump shot from 24 ft (assist by J. Clarkson)
0:31.0,J. Murray makes 3-pt jump shot from 23 ft,+3,53-72,,
0:13.0,,,53-74,+2,M. Conley makes 2-pt layup from 4 ft
0:13.0,,,53-74,,Shooting foul by D. Jordan (drawn by M. Conley)
0:13.0,,,53-74,,M. Beasley enters the game for L. Markkanen
0:13.0,,,53-75,+1,M. Conley makes free throw 1 of 1
0:01.0,J. Murray misses 2-pt jump shot from 16 ft,,53-75,,
0:01.0,,,53-75,,Defensive rebound by W. Kessler
0:00.0,End of 2nd quarter,End of 2nd quarter,End of 2nd quarter,End of 2nd quarter,End of 2nd quarter
3rd Q,3rd Q,3rd Q,3rd Q,3rd Q,3rd Q
Time,Denver,,Score,,Utah
12:00.0,Start of 3rd quarter,Start of 3rd quarter,Start of 3rd quarter,Start of 3rd quarter,Start of 3rd quarter
11:43.0,Def 3 sec tech foul by Team,,53-75,,
11:43.0,J. Murray makes technical free throw,+1,54-75,,
11:31.0,N. JokiÄ makes 2-pt layup from 3 ft,+2,56-75,,
11:13.0,,,56-75,,Turnover by J. Clarkson (bad pass; steal by N. JokiÄ)
11:10.0,Shooting foul by K. Olynyk (drawn by K. Caldwell-Pope),,56-75,,
11:10.0,K. Caldwell-Pope makes free throw 1 of 2,+1,57-75,,
11:10.0,,,57-75,,R. Gay enters the game for K. Olynyk
11:10.0,K. Caldwell-Pope makes free throw 2 of 2,+1,58-75,,
10:59.0,,,58-75,,R. Gay misses 3-pt jump shot from 23 ft
10:56.0,Defensive rebound by M. Porter,,58-75,,
10:48.0,N. JokiÄ makes 2-pt hook shot from 7 ft (assist by K. Caldwell-Pope),+2,60-75,,
10:23.0,,,60-75,,J. Vanderbilt misses 2-pt layup from 2 ft
10:21.0,Defensive rebound by M. Porter,,60-75,,
10:09.0,Jump ball: R. Gay vs. N. JokiÄ (J. Vanderbilt gains possession),Jump ball: R. Gay vs. N. JokiÄ (J. Vanderbilt gains possession),Jump ball: R. Gay vs. N. JokiÄ (J. Vanderbilt gains possession),Jump ball: R. Gay vs. N. JokiÄ (J. Vanderbilt gains possession),Jump ball: R. Gay vs. N. JokiÄ (J. Vanderbilt gains possession)
10:09.0,Turnover by N. JokiÄ (lost ball; steal by R. Gay),,60-75,,
10:00.0,,,60-78,+3,R. Gay makes 3-pt jump shot from 23 ft (assist by J. Clarkson)
9:42.0,A. Gordon makes 2-pt dunk from 3 ft (assist by N. JokiÄ),+2,62-78,,
9:36.0,,,62-78,,Offensive foul by J. Vanderbilt (drawn by J. Murray)
9:36.0,,,62-78,,Turnover by J. Vanderbilt (offensive foul)
9:21.0,Personal foul by J. Vanderbilt (drawn by N. JokiÄ),,62-78,,
9:21.0,,,62-78,,W. Kessler enters the game for J. Vanderbilt
9:12.0,J. Murray misses 2-pt layup from 6 ft,,62-78,,
9:10.0,Offensive rebound by J. Murray,,62-78,,
9:01.0,Turnover by M. Porter (bad pass; steal by W. Kessler),,62-78,,
8:41.0,,,62-80,+2,W. Kessler makes 2-pt layup from 2 ft (assist by J. Clarkson)
8:20.0,N. JokiÄ misses 3-pt jump shot from 23 ft,,62-80,,
8:17.0,Offensive rebound by A. Gordon,,62-80,,
8:14.0,K. Caldwell-Pope misses 3-pt jump shot from 26 ft,,62-80,,
8:10.0,Offensive rebound by M. Porter,,62-80,,
8:10.0,M. Porter misses 2-pt layup at rim,,62-80,,
8:10.0,,,62-80,,Defensive rebound by Team
8:06.0,Jump ball: W. Kessler vs. M. Porter (R. Gay gains possession),Jump ball: W. Kessler vs. M. Porter (R. Gay gains possession),Jump ball: W. Kessler vs. M. Porter (R. Gay gains possession),Jump ball: W. Kessler vs. M. Porter (R. Gay gains possession),Jump ball: W. Kessler vs. M. Porter (R. Gay gains possession)
7:46.0,,,62-80,,L. Markkanen misses 3-pt jump shot from 27 ft
7:42.0,Defensive rebound by A. Gordon,,62-80,,
7:40.0,Turnover by A. Gordon (traveling),,62-80,,
7:22.0,,,62-80,,Personal foul by M. Porter (drawn by J. Clarkson)
7:13.0,,,62-80,,Turnover by M. Conley (bad pass; steal by J. Murray)
7:10.0,M. Porter makes 3-pt jump shot from 25 ft (assist by K. Caldwell-Pope),+3,65-80,,
7:09.0,,,65-80,,Utah full timeout
7:09.0,,,65-80,,C. Sexton enters the game for M. Conley
6:58.0,,,65-80,,L. Markkanen misses 3-pt jump shot from 26 ft
6:55.0,Defensive rebound by K. Caldwell-Pope,,65-80,,
6:46.0,J. Murray misses 2-pt jump shot from 13 ft,,65-80,,
6:44.0,,,65-80,,Defensive rebound by J. Clarkson
6:39.0,,,65-80,,Shooting foul by M. Porter (drawn by W. Kessler)
6:39.0,,,65-80,,W. Kessler misses free throw 1 of 2
6:39.0,,,65-80,,Offensive rebound by Team
6:39.0,B. Brown enters the game for J. Murray,,65-80,,
6:39.0,,,65-81,+1,W. Kessler makes free throw 2 of 2
6:26.0,N. JokiÄ misses 3-pt jump shot from 26 ft,,65-81,,
6:22.0,Offensive rebound by M. Porter,,65-81,,
6:12.0,K. Caldwell-Pope misses 3-pt jump shot from 25 ft,,65-81,,
6:09.0,,,65-81,,Defensive rebound by L. Markkanen
6:00.0,,,65-81,,R. Gay misses 3-pt jump shot from 24 ft
5:59.0,,,65-81,,Offensive rebound by Team
5:56.0,,,65-81,,Shooting foul by M. Porter (drawn by W. Kessler)
5:56.0,,,65-81,,W. Kessler misses free throw 1 of 2
5:56.0,,,65-81,,Offensive rebound by Team
5:56.0,,,65-81,,W. Kessler misses free throw 2 of 2
5:55.0,Defensive rebound by A. Gordon,,65-81,,
5:43.0,N. JokiÄ makes 2-pt layup from 7 ft (assist by M. Porter),+2,67-81,,
5:25.0,,,67-81,,C. Sexton misses 2-pt jump shot from 11 ft
5:24.0,,,67-81,,Offensive rebound by C. Sexton
5:21.0,,,67-81,,C. Sexton misses 2-pt jump shot from 5 ft
5:19.0,Defensive rebound by M. Porter,,67-81,,
5:15.0,Shooting foul by L. Markkanen (drawn by M. Porter),,67-81,,
5:15.0,M. Porter makes free throw 1 of 2,+1,68-81,,
5:15.0,B. Hyland enters the game for K. Caldwell-Pope,,68-81,,
5:15.0,M. Porter makes free throw 2 of 2,+1,69-81,,
4:53.0,,,69-81,,Turnover by J. Clarkson (bad pass)
4:44.0,B. Hyland misses 2-pt layup from 5 ft,,69-81,,
4:41.0,Offensive rebound by N. JokiÄ,,69-81,,
4:41.0,N. JokiÄ makes 2-pt layup at rim,+2,71-81,,
4:17.0,,,71-83,+2,W. Kessler makes 2-pt layup from 2 ft (assist by R. Gay)
4:05.0,Personal foul by C. Sexton (drawn by N. JokiÄ),,71-83,,
4:05.0,J. Green enters the game for A. Gordon,,71-83,,
4:05.0,,,71-83,,M. Beasley enters the game for J. Clarkson
3:55.0,B. Hyland misses 3-pt jump shot from 26 ft,,71-83,,
3:52.0,,,71-83,,Defensive rebound by W. Kessler
3:47.0,,,71-83,,Shooting foul by B. Hyland (drawn by C. Sexton)
3:47.0,,,71-84,+1,C. Sexton makes free throw 1 of 2
3:47.0,,,71-84,,T. Horton-Tucker enters the game for R. Gay
3:47.0,,,71-85,+1,C. Sexton makes free throw 2 of 2
3:36.0,N. JokiÄ makes 3-pt jump shot from 26 ft (assist by B. Hyland),+3,74-85,,
3:07.0,,,74-87,+2,L. Markkanen makes 2-pt jump shot from 12 ft
2:57.0,B. Hyland misses 3-pt jump shot from 27 ft,,74-87,,
2:55.0,,,74-87,,Defensive rebound by L. Markkanen
2:49.0,,,74-87,,M. Beasley misses 3-pt jump shot from 25 ft
2:46.0,Defensive rebound by B. Brown,,74-87,,
2:30.0,Turnover by J. Green (bad pass),,74-87,,
2:30.0,Denver full timeout,,74-87,,
2:30.0,K. Caldwell-Pope enters the game for N. JokiÄ,,74-87,,
2:30.0,D. Reed enters the game for M. Porter,,74-87,,
2:17.0,,,74-87,,T. Horton-Tucker misses 2-pt jump shot from 7 ft
2:13.0,Defensive rebound by K. Caldwell-Pope,,74-87,,
2:03.0,B. Brown makes 2-pt jump shot from 14 ft,+2,76-87,,
2:03.0,,,76-87,,M. Conley enters the game for L. Markkanen
1:41.0,,,76-89,+2,C. Sexton makes 2-pt layup from 2 ft (assist by M. Conley)
1:22.0,B. Hyland misses 2-pt layup from 1 ft,,76-89,,
1:20.0,,,76-89,,Defensive rebound by W. Kessler
1:05.0,,,76-92,+3,M. Beasley makes 3-pt jump shot from 23 ft (assist by M. Conley)
0:43.0,B. Brown misses 3-pt jump shot from 24 ft,,76-92,,
0:39.0,Offensive rebound by J. Green,,76-92,,
0:29.0,Shooting foul by W. Kessler (drawn by J. Green),,76-92,,
0:29.0,J. Green makes free throw 1 of 2,+1,77-92,,
0:29.0,C. Braun enters the game for B. Hyland,,77-92,,
0:29.0,J. Green makes free throw 2 of 2,+1,78-92,,
0:11.0,,,78-92,,Shooting foul by C. Braun (drawn by C. Sexton)
0:11.0,,,78-93,+1,C. Sexton makes free throw 1 of 2
0:11.0,B. Hyland enters the game for C. Braun,,78-93,,
0:11.0,M. Porter enters the game for D. Reed,,78-93,,
0:11.0,,,78-94,+1,C. Sexton makes free throw 2 of 2
0:01.0,B. Hyland makes 2-pt layup from 6 ft,+2,80-94,,
0:00.0,End of 3rd quarter,End of 3rd quarter,End of 3rd quarter,End of 3rd quarter,End of 3rd quarter
4th Q,4th Q,4th Q,4th Q,4th Q,4th Q
Time,Denver,,Score,,Utah
12:00.0,Start of 4th quarter,Start of 4th quarter,Start of 4th quarter,Start of 4th quarter,Start of 4th quarter
11:47.0,,,80-94,,Personal foul by J. Green (drawn by K. Olynyk)
11:37.0,,,80-94,,J. Clarkson misses 2-pt jump shot from 11 ft
11:34.0,Defensive rebound by J. Green,,80-94,,
11:26.0,M. Porter makes 3-pt jump shot from 24 ft (assist by B. Brown),+3,83-94,,
11:14.0,,,83-94,,Shooting foul by J. Green (drawn by M. Conley)
11:14.0,,,83-95,+1,M. Conley makes free throw 1 of 2
11:14.0,,,83-96,+1,M. Conley makes free throw 2 of 2
10:59.0,B. Hyland misses 3-pt jump shot from 23 ft,,83-96,,
10:56.0,,,83-96,,Defensive rebound by J. Clarkson
10:46.0,,,83-96,,Turnover by J. Clarkson (step out of bounds)
10:30.0,B. Brown makes 2-pt layup from 2 ft,+2,85-96,,
10:16.0,,,85-96,,Turnover by K. Olynyk (out of bounds lost ball)
10:06.0,Offensive foul by J. Green (drawn by M. Conley),,85-96,,
10:06.0,Turnover by J. Green (offensive foul),,85-96,,
9:57.0,,,85-96,,M. Conley misses 2-pt layup from 1 ft (block by B. Hyland)
9:53.0,Defensive rebound by J. Green,,85-96,,
9:51.0,J. Green makes 2-pt dunk from 2 ft (assist by B. Hyland),+2,87-96,,
9:34.0,,,87-96,,K. Olynyk misses 2-pt hook shot from 2 ft
9:33.0,Defensive rebound by J. Green,,87-96,,
9:33.0,,,87-96,,Technical foul by K. Olynyk
9:33.0,B. Hyland makes technical free throw,+1,88-96,,
9:33.0,,,88-96,,J. Vanderbilt enters the game for T. Horton-Tucker
9:20.0,Turnover by B. Brown (out of bounds lost ball),,88-96,,
9:06.0,,,88-96,,J. Clarkson misses 3-pt jump shot from 25 ft
9:02.0,Defensive rebound by K. Caldwell-Pope,,88-96,,
8:54.0,Offensive foul by M. Porter (drawn by M. Conley),,88-96,,
8:54.0,Turnover by M. Porter (offensive foul),,88-96,,
8:54.0,A. Gordon enters the game for K. Caldwell-Pope,,88-96,,
8:44.0,,,88-96,,M. Beasley misses 3-pt jump shot from 25 ft
8:41.0,,,88-96,,Offensive rebound by J. Clarkson
8:40.0,,,88-98,+2,J. Clarkson makes 2-pt jump shot from 8 ft
8:29.0,Shooting foul by K. Olynyk (drawn by B. Brown),,88-98,,
8:29.0,B. Brown makes free throw 1 of 2,+1,89-98,,
8:29.0,N. JokiÄ enters the game for J. Green,,89-98,,
8:29.0,J. Murray enters the game for M. Porter,,89-98,,
8:29.0,,,89-98,,W. Kessler enters the game for K. Olynyk
8:29.0,B. Brown makes free throw 2 of 2,+1,90-98,,
8:19.0,,,90-101,+3,M. Conley makes 3-pt jump shot from 25 ft
7:57.0,B. Brown makes 2-pt dunk from 2 ft (assist by B. Hyland),+2,92-101,,
7:36.0,,,92-101,,M. Conley misses 2-pt jump shot from 10 ft
7:34.0,,,92-101,,Offensive rebound by Team
7:34.0,K. Caldwell-Pope enters the game for B. Hyland,,92-101,,
7:29.0,,,92-101,,Shooting foul by B. Brown (drawn by J. Clarkson)
7:29.0,,,92-102,+1,J. Clarkson makes free throw 1 of 2
7:29.0,,,92-102,,L. Markkanen enters the game for W. Kessler
7:29.0,,,92-103,+1,J. Clarkson makes free throw 2 of 2
7:14.0,J. Murray makes 2-pt layup from 2 ft,+2,94-103,,
6:59.0,,,94-103,,Shooting foul by A. Gordon (drawn by L. Markkanen)
6:59.0,,,94-103,,Utah full timeout
6:59.0,,,94-104,+1,L. Markkanen makes free throw 1 of 2
6:59.0,,,94-105,+1,L. Markkanen makes free throw 2 of 2
6:44.0,A. Gordon makes 2-pt dunk from 3 ft (assist by N. JokiÄ),+2,96-105,,
6:44.0,M. Porter enters the game for B. Brown,,96-105,,
6:15.0,,,96-105,,Turnover by Team (shot clock)
5:56.0,N. JokiÄ misses 2-pt layup from 5 ft (block by M. Conley),,96-105,,
5:54.0,,,96-105,,Defensive rebound by M. Conley
5:52.0,,,96-105,,M. Beasley misses 3-pt jump shot from 26 ft
5:49.0,Defensive rebound by A. Gordon,,96-105,,
5:42.0,Personal foul by J. Vanderbilt (drawn by A. Gordon),,96-105,,
5:42.0,,,96-105,,R. Gay enters the game for J. Vanderbilt
5:35.0,N. JokiÄ makes 2-pt jump shot from 9 ft (assist by J. Murray),+2,98-105,,
5:19.0,,,98-108,+3,R. Gay makes 3-pt jump shot from 26 ft (assist by M. Conley)
5:02.0,A. Gordon misses 3-pt jump shot from 22 ft,,98-108,,
5:00.0,,,98-108,,Defensive rebound by M. Beasley
4:51.0,,,98-111,+3,M. Beasley makes 3-pt jump shot from 24 ft
4:49.0,Denver full timeout,,98-111,,
4:49.0,,,98-111,,C. Sexton enters the game for J. Clarkson
4:29.0,N. JokiÄ misses 2-pt hook shot from 9 ft,,98-111,,
4:26.0,Offensive rebound by A. Gordon,,98-111,,
4:26.0,A. Gordon makes 2-pt layup at rim,+2,100-111,,
4:15.0,,,100-111,,Shooting foul by K. Caldwell-Pope (drawn by M. Conley)
4:15.0,,,100-112,+1,M. Conley makes free throw 1 of 2
4:15.0,,,100-113,+1,M. Conley makes free throw 2 of 2
4:04.0,J. Murray makes 2-pt layup from 3 ft,+2,102-113,,
3:51.0,,,102-113,,L. Markkanen misses 3-pt jump shot from 23 ft
3:48.0,Defensive rebound by K. Caldwell-Pope,,102-113,,
3:46.0,Turnover by J. Murray (bad pass),,102-113,,
3:28.0,,,102-113,,Personal foul by K. Caldwell-Pope (drawn by C. Sexton)
3:28.0,,,102-114,+1,C. Sexton makes free throw 1 of 2
3:28.0,,,102-115,+1,C. Sexton makes free throw 2 of 2
3:16.0,J. Murray misses 3-pt jump shot from 26 ft,,102-115,,
3:12.0,,,102-115,,Defensive rebound by M. Beasley
3:02.0,,,102-115,,C. Sexton misses 3-pt jump shot from 25 ft
2:59.0,Defensive rebound by A. Gordon,,102-115,,
2:50.0,A. Gordon misses 2-pt layup from 7 ft,,102-115,,
2:48.0,,,102-115,,Defensive rebound by C. Sexton
2:44.0,,,102-115,,M. Conley misses 3-pt jump shot from 25 ft
2:42.0,Defensive rebound by N. JokiÄ,,102-115,,
2:33.0,M. Porter misses 3-pt jump shot from 25 ft,,102-115,,
2:29.0,,,102-115,,Defensive rebound by C. Sexton
2:14.0,,,102-117,+2,C. Sexton makes 2-pt jump shot from 15 ft
2:07.0,Offensive foul by N. JokiÄ (drawn by C. Sexton),,102-117,,
2:07.0,Turnover by N. JokiÄ (offensive foul),,102-117,,
1:55.0,,,102-117,,L. Markkanen misses 2-pt layup from 8 ft (block by A. Gordon)
1:55.0,,,102-117,,Offensive rebound by Team
1:50.0,,,102-117,,Turnover by R. Gay (lost ball; steal by M. Porter)
1:47.0,Turnover by M. Porter (lost ball; steal by M. Conley),,102-117,,
1:28.0,,,102-119,+2,C. Sexton makes 2-pt layup from 3 ft
1:28.0,Denver full timeout,,102-119,,
1:28.0,C. Braun enters the game for K. Caldwell-Pope,,102-119,,
1:28.0,V. ÄanÄar enters the game for A. Gordon,,102-119,,
1:28.0,Z. Nnaji enters the game for N. JokiÄ,,102-119,,
1:28.0,I. Smith enters the game for J. Murray,,102-119,,
1:28.0,P. Watson enters the game for M. Porter,,102-119,,
1:15.0,I. Smith misses 2-pt jump shot from 14 ft,,102-119,,
1:11.0,,,102-119,,Defensive rebound by M. Conley
0:58.0,,,102-119,,M. Beasley misses 2-pt jump shot from 7 ft
0:56.0,Defensive rebound by I. Smith,,102-119,,
0:55.0,Turnover by I. Smith (out of bounds lost ball),,102-119,,
0:55.0,,,102-119,,O. Agbaji enters the game for M. Beasley
0:55.0,,,102-119,,N. Alexander-Walker enters the game for M. Conley
0:55.0,,,102-119,,L. Bolmaro enters the game for R. Gay
0:55.0,,,102-119,,S. Fontecchio enters the game for L. Markkanen
0:55.0,,,102-119,,W. Kessler enters the game for C. Sexton
0:47.0,,,102-121,+2,W. Kessler makes 2-pt dunk from 2 ft (assist by N. Alexander-Walker)
0:34.0,V. ÄanÄar misses 2-pt layup from 7 ft,,102-121,,
0:32.0,,,102-121,,Defensive rebound by W. Kessler
0:23.0,,,102-123,+2,N. Alexander-Walker makes 2-pt jump shot from 20 ft
0:12.0,P. Watson misses 2-pt jump shot from 7 ft,,102-123,,
0:10.0,,,102-123,,Defensive rebound by W. Kessler
0:00.0,End of 4th quarter,End of 4th quarter,End of 4th quarter,End of 4th quarter,End of 4th quarter
